CustomerID,Age,Annual Income ($),Spending Score (1-100),Spending Score (1-100),Work Experience,Family Size
1,19,15000,39,39,1,4
2,21,35000,81,81,3,3
3,20,86000,6,6,1,1
4,23,59000,77,77,0,2
5,31,38000,40,40,2,6
6,22,58000,76,76,0,2
7,35,31000,6,6,1,3
8,23,84000,94,94,1,3
9,64,97000,3,3,0,3
10,30,98000,72,72,1,4
11,67,7000,14,14,1,3
12,35,93000,99,99,4,4
13,58,80000,15,15,0,5
14,24,91000,77,77,1,1
15,37,19000,13,13,0,1
16,22,51000,79,79,1,2
17,35,29000,35,35,9,5
18,20,89000,66,66,1,6
19,52,20000,29,29,1,4
20,35,62000,98,98,0,1
21,35,96000,35,35,12,1
22,25,4000,73,73,3,4
23,46,42000,5,5,13,2
24,31,71000,73,73,5,2
25,54,67000,14,14,1,3
26,29,52000,82,82,1,3
27,45,68000,32,32,9,8
28,35,78000,61,61,1,3
29,40,18000,31,31,0,1
30,23,20000,87,87,5,4
31,60,39000,4,4,0,3
32,21,34000,73,73,1,2
33,53,59000,4,4,1,3
34,18,62000,92,92,9,7
35,49,91000,14,14,1,2
36,21,95000,81,81,3,4
37,42,14000,17,17,5,1
38,30,62000,73,73,1,5
39,36,9000,26,26,8,2
40,20,69000,75,75,8,2
41,65,25000,35,35,4,1
42,24,85000,92,92,0,2
43,48,22000,36,36,14,3
44,31,33000,61,61,1,2
45,49,72000,28,28,8,1
46,24,3000,65,65,4,2
47,50,52000,55,55,0,4
48,27,71000,47,47,12,1
49,29,78000,42,42,0,4
50,31,25000,42,42,1,1
51,49,88000,52,52,1,2
52,33,97000,60,60,1,2
53,31,74000,54,54,1,1
54,59,68000,60,60,0,2
55,50,18000,45,45,1,1
56,47,95000,41,41,14,2
57,51,71000,50,50,9,4
58,69,8000,46,46,8,2
59,27,57000,51,51,1,3
60,53,89000,46,46,1,6
61,70,84000,56,56,0,2
62,19,50000,55,55,9,2
63,67,50000,52,52,0,3
64,54,48000,59,59,1,2
65,63,63000,51,51,7,2
66,18,9000,59,59,0,2
67,43,3000,50,50,0,2
68,68,82000,48,48,8,4
69,19,81000,59,59,0,4
70,32,97000,47,47,2,2
71,70,91000,55,55,8,2
72,47,9000,42,42,8,2
73,60,44000,49,49,0,5
74,60,10000,56,56,8,4
75,59,89000,47,47,0,4
76,26,49000,54,54,0,3
77,45,67000,53,53,0,2
78,40,99000,48,48,4,3
79,23,97000,52,52,2,2
80,49,98000,42,42,1,1
81,57,52000,51,51,0,4
82,38,61000,55,55,6,3
83,67,120000,41,41,8,1
84,46,34000,44,44,8,4
85,21,24000,57,57,1,3
86,48,31000,46,46,7,5
87,55,11000,58,58,0,3
88,22,55000,55,55,5,2
89,34,76000,60,60,7,3
90,50,56000,46,46,0,2
91,68,46000,55,55,0,3
92,18,36000,41,41,1,4
93,48,88000,49,49,1,2
94,40,31000,40,40,1,2
95,32,24000,42,42,0,1
96,24,80000,52,52,10,1
97,47,2000,47,47,0,1
98,27,67000,50,50,0,2
99,48,58000,42,42,1,2
100,20,80000,49,49,3,3
101,23,65000,41,41,0,4
102,49,4000,48,48,1,7
103,67,98000,59,59,0,3
104,26,52000,55,55,0,5
105,49,86000,56,56,10,2
106,21,82000,42,42,1,2
107,66,43000,50,50,3,2
108,54,78000,46,46,1,1
109,68,13000,43,43,6,5
110,66,13000,48,48,9,3
111,65,34000,52,52,4,4
112,19,25000,54,54,0,1
113,38,71000,42,42,1,5
114,19,2000,46,46,1,1
115,18,97000,48,48,0,3
116,19,51000,50,50,8,4
117,63,9000,43,43,1,1
118,49,79000,59,59,0,2
119,51,84000,43,43,2,7
120,50,87000,57,57,1,2
121,27,36000,56,56,0,3
122,38,50000,40,40,1,4
123,40,97000,58,58,9,4
124,39,6000,91,91,1,3
125,23,12000,29,29,9,2
126,31,46000,77,77,1,2
127,43,89000,35,35,0,7
128,40,4000,95,95,0,2
129,59,38000,11,11,0,2
130,38,64000,75,75,8,5
131,47,66000,9,9,9,5
132,39,26000,75,75,0,2
133,25,41000,34,34,6,4
134,31,45000,71,71,5,1
135,20,89000,5,5,1,2
136,29,92000,88,88,5,5
137,44,76000,7,7,5,2
138,32,85000,73,73,3,4
139,19,22000,10,10,8,4
140,35,15000,72,72,4,4
141,57,32000,5,5,0,2
142,32,66000,93,93,0,5
143,28,62000,40,40,5,3
144,32,85000,87,87,1,2
145,25,71000,12,12,0,5
146,28,26000,97,97,8,5
147,48,52000,36,36,9,2
148,32,38000,74,74,1,1
149,34,51000,22,22,7,4
150,34,90000,90,90,6,3
151,43,30000,17,17,0,9
152,39,41000,88,88,0,1
153,44,17000,20,20,0,2
154,38,92000,76,76,2,2
155,47,80000,16,16,0,4
156,27,10000,89,89,8,4
157,37,16000,1,1,1,1
158,30,87000,78,78,3,4
159,34,66000,1,1,1,2
160,30,86000,73,73,3,3
161,56,9000,35,35,1,1
162,29,50000,83,83,1,5
163,19,35000,5,5,0,5
164,31,58000,93,93,1,5
165,50,47000,26,26,0,2
166,36,54000,75,75,5,3
167,42,79000,20,20,9,3
168,33,83000,95,95,0,5
169,36,57000,27,27,0,3
170,32,0,63,63,2,2
171,40,69000,13,13,3,5
172,28,4000,75,75,0,2
173,36,79000,10,10,0,2
174,36,99000,92,92,5,2
175,52,20000,13,13,0,2
176,30,28000,86,86,3,4
177,58,29000,15,15,11,1
178,27,45000,69,69,2,6
179,59,86000,14,14,4,3
180,35,42000,90,90,8,1
181,37,59000,32,32,7,2
182,32,61000,86,86,7,5
183,46,11000,15,15,7,1
184,29,66000,88,88,4,4
185,41,39000,39,39,1,1
186,30,72000,97,97,6,2
187,54,14000,24,24,1,2
188,28,44000,68,68,5,3
189,41,76000,17,17,8,2
190,36,95000,85,85,4,2
191,34,92000,23,23,5,3
192,32,98000,69,69,8,2
193,33,96000,8,8,9,2
194,38,45000,91,91,10,4
195,47,8000,16,16,7,2
196,35,46000,79,79,1,3
197,45,78000,28,28,0,2
198,32,4000,74,74,1,5
199,32,81000,18,18,1,2
200,30,33000,83,83,4,2
201,21,40000,10,10,0,3
202,34,85000,16,16,9,3
203,16,60000,0,0,6,8
204,76,60000,39,39,4,2
205,62,63000,59,59,0,2
206,63,10000,52,52,8,3
207,19,55000,61,61,0,3
208,46,93000,12,12,2,1
209,48,15000,7,7,0,2
210,80,39000,33,33,9,4
211,1,57000,93,93,1,2
212,0,22000,92,92,2,1
213,86,12000,70,70,2,4
214,49,50000,82,82,8,1
215,48,95000,68,68,2,4
216,46,66000,70,70,3,3
217,79,20000,40,40,6,2
218,83,35000,99,99,8,2
219,66,71000,34,34,9,2
220,59,76000,61,61,9,1
221,39,84000,33,33,5,3
222,95,72000,51,51,4,2
223,43,33000,55,55,4,3
224,93,93000,37,37,1,5
225,40,83000,48,48,4,1
226,78,23000,8,8,1,1
227,25,40000,77,77,5,4
228,76,89000,86,86,9,4
229,0,33000,64,64,1,1
230,15,94000,30,30,7,2
231,6,93000,53,53,8,2
232,84,7000,28,28,0,4
233,67,18000,88,88,0,2
234,78,3000,14,14,0,4
235,4,84000,54,54,9,1
236,29,62000,34,34,0,4
237,91,9000,96,96,1,5
238,95,36000,35,35,0,4
239,55,37000,74,74,1,4
240,14,50000,11,11,1,2
241,92,83000,16,16,1,5
242,65,79000,17,17,0,3
243,84,40000,14,14,1,4
244,77,47000,58,58,0,6
245,53,4000,20,20,0,4
246,28,38000,75,75,7,2
247,23,0,96,96,1,3
248,32,7000,16,16,1,2
249,37,41000,2,2,1,2
250,89,65000,0,0,0,5
251,80,20000,93,93,1,3
252,27,44000,65,65,8,1
253,78,3000,14,14,5,4
254,86,72000,13,13,7,3
255,46,27000,32,32,4,4
256,59,85000,49,49,4,2
257,12,38000,18,18,10,1
258,79,73000,96,96,6,7
259,79,64000,64,64,2,3
260,26,26000,60,60,6,4
261,63,47000,16,16,2,3
262,52,35000,85,85,2,6
263,32,31000,24,24,2,3
264,64,13000,38,38,3,4
265,37,79000,10,10,1,7
266,7,82000,39,39,2,2
267,40,28000,68,68,1,1
268,78,36000,79,79,0,3
269,34,8000,76,76,6,6
270,52,88000,39,39,1,2
271,94,91000,36,36,0,4
272,1,12000,82,82,0,3
273,96,1000,76,76,0,3
274,18,143000,99,99,0,2
275,37,18000,57,57,1,2
276,78,65000,89,89,1,2
277,16,9000,88,88,7,4
278,93,95000,21,21,1,1
279,74,78000,12,12,9,3
280,68,48000,73,73,3,3
281,32,63000,87,87,1,4
282,43,85000,63,63,1,2
283,52,43000,58,58,1,3
284,63,74000,20,20,1,2
285,33,67000,11,11,0,1
286,86,59000,40,40,0,1
287,85,140000,84,84,1,1
288,73,31000,47,47,1,2
289,21,5000,91,91,0,1
290,93,19000,58,58,1,3
291,9,27000,62,62,7,1
292,10,68000,80,80,6,3
293,11,38000,66,66,8,8
294,48,50000,36,36,6,4
295,73,80000,73,73,2,2
296,66,69000,43,43,9,3
297,79,31000,91,91,3,3
298,62,87000,41,41,6,2
299,17,79000,16,16,1,3
300,32,32000,86,86,5,2
301,85,153787,100,100,3,3
302,31,95851,16,16,5,2
303,31,145015,73,73,6,3
304,38,148539,7,7,5,2
305,90,117319,21,21,1,2
306,65,180243,26,26,6,2
307,63,165052,12,12,4,2
308,61,120487,14,14,0,2
309,26,112766,83,83,8,4
310,17,156488,65,65,1,4
311,56,97562,15,15,5,6
312,12,77501,30,30,5,4
313,24,118302,100,100,5,1
314,13,64277,9,9,9,4
315,12,53927,77,77,2,3
316,72,93921,93,93,9,2
317,54,132046,8,8,4,4
318,45,183217,91,91,7,2
319,66,182937,44,44,8,1
320,27,68272,56,56,8,4
321,36,69841,21,21,10,2
322,5,69078,60,60,13,1
323,89,110667,100,100,2,4
324,13,95469,94,94,6,1
325,91,102861,40,40,4,1
326,16,133551,7,7,3,1
327,63,64589,90,90,7,1
328,52,152755,39,39,4,2
329,37,92313,58,58,1,5
330,78,98922,2,2,2,3
331,24,165846,33,33,0,4
332,4,93713,62,62,3,4
333,84,137641,67,67,0,5
334,0,173743,96,96,0,4
335,67,116126,58,58,10,2
336,32,112246,30,30,8,3
337,39,69384,75,75,1,5
338,68,76529,62,62,0,2
339,7,123804,28,28,14,1
340,76,68292,55,55,8,2
341,84,173185,99,99,3,1
342,75,142034,82,82,1,4
343,22,107941,61,61,0,1
344,90,149840,61,61,1,1
345,4,148431,99,99,1,8
346,78,126599,84,84,0,3
347,58,57180,22,22,9,1
348,99,184426,41,41,9,1
349,24,151085,39,39,2,5
350,88,166107,98,98,13,4
351,92,67850,91,91,9,4
352,99,173394,4,4,13,1
353,51,72303,98,98,7,1
354,23,181760,35,35,14,3
355,13,146858,75,75,9,1
356,22,172923,20,20,6,1
357,89,115811,87,87,11,4
358,20,184324,51,51,13,5
359,72,67353,19,19,9,3
360,17,165999,71,71,9,3
361,90,164914,18,18,8,3
362,99,63364,61,61,1,2
363,39,182352,73,73,4,3
364,37,148544,56,56,1,2
365,46,62833,85,85,1,2
366,65,120627,72,72,0,2
367,60,130898,30,30,1,1
368,93,103130,74,74,12,3
369,72,106681,15,15,9,5
370,36,87353,25,25,1,5
371,52,88046,61,61,8,1
372,72,98168,49,49,1,2
373,28,178265,5,5,2,1
374,48,167232,92,92,6,4
375,85,140478,43,43,6,4
376,22,159296,83,83,8,1
377,30,144043,78,78,1,1
378,46,72594,64,64,1,2
379,82,180288,77,77,2,2
380,73,165734,51,51,0,1
381,8,175407,2,2,5,1
382,90,70201,8,8,0,2
383,34,91503,26,26,0,6
384,10,184522,43,43,0,2
385,79,143560,83,83,1,3
386,83,131574,97,97,1,2
387,20,151124,18,18,15,3
388,25,67447,5,5,15,2
389,26,117454,8,8,16,2
390,18,86203,23,23,13,1
391,7,136231,10,10,7,1
392,1,89144,1,1,12,2
393,21,119116,30,30,17,4
394,86,163463,31,31,9,4
395,75,151696,82,82,15,1
396,78,184736,52,52,13,1
397,87,70419,69,69,6,4
398,8,119104,41,41,14,3
399,59,130950,28,28,5,3
400,13,140950,77,77,15,2
401,55,82285,35,35,16,1
402,50,91389,92,92,11,7
403,54,186359,95,95,13,2
404,13,178989,46,46,14,3
405,79,166335,45,45,5,5
406,65,119889,11,11,17,6
407,51,66852,73,73,15,3
408,18,103896,36,36,16,4
409,21,187761,87,87,2,3
410,37,102717,93,93,7,4
411,83,102647,83,83,0,2
412,96,113585,31,31,0,4
413,65,86509,88,88,0,4
414,80,59099,44,44,1,7
415,75,135088,5,5,1,5
416,87,110870,78,78,1,4
417,86,187667,12,12,0,1
418,36,124614,25,25,8,5
419,78,166492,40,40,9,7
420,62,172758,69,69,1,2
421,89,122430,19,19,1,1
422,56,183540,96,96,0,6
423,35,96484,34,34,5,4
424,33,112587,71,71,1,4
425,58,155672,71,71,7,7
426,68,72847,93,93,1,2
427,38,71897,32,32,2,3
428,31,158479,57,57,1,5
429,90,89251,4,4,1,1
430,28,179911,24,24,1,1
431,1,111558,85,85,7,4
432,78,127615,78,78,10,7
433,23,50076,32,32,3,5
434,25,77779,62,62,4,1
435,59,169999,38,38,5,5
436,7,106581,76,76,1,7
437,24,78223,41,41,0,1
438,76,136259,14,14,0,7
439,37,153399,93,93,1,6
440,6,162858,91,91,0,1
441,0,57373,29,29,0,7
442,3,133602,47,47,1,1
443,95,66322,88,88,0,3
444,0,68761,16,16,1,4
445,7,70749,86,86,13,3
446,54,65874,87,87,7,6
447,89,115996,24,24,15,1
448,58,67097,91,91,6,1
449,12,108027,64,64,13,5
450,7,176349,80,80,8,2
451,11,88452,40,40,8,6
452,74,128266,55,55,7,4
453,64,156777,20,20,7,2
454,48,123234,50,50,10,7
455,8,60790,38,38,1,5
456,15,181332,99,99,14,6
457,1,187297,7,7,0,1
458,21,153885,86,86,6,6
459,84,53500,44,44,3,4
460,5,69443,28,28,4,6
461,47,124072,56,56,0,7
462,96,135800,29,29,0,7
463,93,120597,96,96,2,4
464,16,91358,11,11,1,4
465,56,53231,41,41,0,5
466,76,156330,31,31,1,2
467,0,186002,80,80,15,2
468,70,111760,53,53,12,5
469,47,143906,12,12,4,3
470,13,182410,22,22,11,4
471,86,98463,46,46,10,5
472,91,93762,28,28,15,7
473,97,104582,50,50,8,2
474,20,130813,92,92,17,5
475,11,59202,92,92,5,4
476,28,79968,45,45,9,2
477,32,104824,42,42,0,7
478,82,188719,30,30,0,6
479,39,187536,66,66,3,6
480,7,134008,85,85,2,1
481,13,176397,71,71,6,3
482,34,154888,43,43,9,6
483,76,155622,81,81,0,2
484,30,62330,60,60,1,1
485,69,112838,34,34,1,7
486,22,58283,59,59,2,4
487,60,77857,81,81,1,6
488,66,125024,25,25,0,1
489,57,136242,34,34,9,1
490,60,81934,81,81,1,4
491,59,130511,97,97,3,4
492,54,144502,88,88,3,1
493,90,63769,6,6,4,2
494,14,66760,20,20,0,4
495,34,135115,54,54,1,7
496,85,179877,17,17,12,4
497,83,93351,65,65,1,1
498,12,84547,96,96,3,3
499,95,121725,3,3,12,3
500,41,65723,91,91,6,7
501,38,96794,96,96,6,3
502,68,72352,61,61,8,5
503,4,53097,21,21,0,7
504,5,144831,17,17,1,3
505,3,183851,10,10,1,2
506,20,111896,90,90,1,3
507,3,64824,30,30,1,1
508,36,88565,16,16,1,5
509,70,104974,63,63,1,1
510,17,167060,47,47,1,5
511,31,69018,17,17,6,1
512,48,174109,96,96,0,1
513,28,62186,29,29,0,1
514,97,183783,70,70,9,3
515,81,83771,1,1,1,2
516,37,148196,91,91,0,2
517,85,131742,87,87,1,1
518,78,59971,94,94,14,7
519,13,88960,2,2,13,3
520,53,140107,38,38,1,5
521,41,161896,49,49,1,3
522,9,57272,60,60,1,1
523,20,119952,2,2,8,2
524,98,167197,63,63,1,5
525,44,186116,2,2,8,6
526,66,134677,59,59,15,5
527,58,180479,74,74,0,3
528,97,112783,21,21,9,6
529,13,150258,17,17,0,3
530,48,115832,92,92,2,2
531,47,104834,44,44,0,7
532,93,152571,66,66,14,5
533,11,162287,45,45,3,2
534,68,171761,59,59,1,6
535,87,77709,73,73,0,1
536,22,95053,17,17,1,2
537,89,74820,33,33,1,2
538,57,152267,92,92,9,5
539,91,71925,14,14,4,2
540,84,151340,95,95,1,7
541,56,162921,51,51,0,4
542,26,52234,30,30,1,2
543,56,100271,87,87,1,5
544,6,170266,23,23,3,2
545,33,88763,1,1,1,1
546,89,107359,26,26,10,6
547,99,164781,83,83,0,2
548,25,156016,85,85,2,1
549,96,186882,40,40,1,7
550,35,99300,88,88,5,2
551,16,58127,65,65,0,3
552,81,89211,12,12,1,7
553,7,148607,59,59,1,7
554,31,139592,62,62,1,1
555,16,172051,62,62,1,3
556,89,57033,99,99,0,4
557,84,117612,63,63,0,6
558,40,185321,96,96,0,7
559,17,186577,5,5,8,5
560,0,151298,89,89,0,6
561,69,123925,52,52,1,7
562,17,169496,12,12,11,6
563,0,142892,25,25,8,1
564,34,58979,3,3,9,5
565,51,141416,100,100,15,1
566,54,104854,67,67,1,7
567,19,180331,14,14,17,5
568,99,172896,13,13,0,3
569,2,101451,82,82,4,3
570,91,189974,37,37,8,1
571,65,90084,65,65,1,6
572,47,112247,24,24,4,5
573,91,181775,61,61,4,5
574,64,59088,31,31,1,3
575,91,60856,23,23,1,6
576,32,149900,34,34,6,3
577,15,142776,98,98,8,5
578,22,162598,84,84,8,3
579,37,146195,89,89,4,4
580,83,135268,53,53,4,5
581,89,136037,1,1,5,1
582,33,111191,67,67,9,4
583,13,144111,62,62,12,5
584,71,177359,56,56,6,2
585,10,112818,85,85,15,7
586,49,53509,98,98,5,4
587,9,168269,75,75,10,2
588,53,86766,2,2,16,3
589,63,52661,25,25,12,5
590,46,148520,14,14,11,5
591,42,149936,52,52,15,3
592,73,102296,31,31,7,5
593,75,178416,16,16,10,7
594,49,83788,41,41,15,1
595,96,184771,77,77,8,5
596,52,70302,88,88,14,3
597,15,58639,51,51,5,7
598,91,97879,40,40,15,7
599,22,64707,29,29,7,3
600,62,71795,87,87,8,1
601,41,76567,85,85,16,1
602,61,126370,20,20,11,4
603,71,154007,32,32,7,7
604,91,69720,78,78,17,6
605,94,85265,68,68,7,6
606,3,155864,31,31,13,3
607,15,99421,72,72,8,7
608,96,145457,57,57,2,1
609,12,118041,77,77,9,2
610,23,73759,83,83,0,7
611,94,90082,17,17,5,7
612,7,74928,12,12,0,6
613,74,101352,36,36,0,5
614,52,93947,81,81,9,2
615,39,134629,23,23,1,6
616,72,101858,70,70,8,6
617,55,165501,47,47,10,4
618,29,135931,74,74,5,1
619,38,103356,20,20,1,6
620,44,75195,79,79,1,3
621,58,123083,44,44,6,5
622,77,73884,30,30,1,2
623,56,91180,61,61,1,7
624,79,86235,52,52,0,2
625,97,96400,4,4,1,7
626,78,83599,12,12,1,6
627,91,82535,50,50,0,1
628,35,92227,8,8,0,5
629,43,150444,27,27,13,4
630,37,149095,83,83,1,2
631,63,113605,42,42,3,3
632,16,93854,82,82,0,7
633,32,118280,92,92,0,5
634,91,94576,90,90,0,1
635,33,129257,70,70,6,3
636,57,70373,10,10,2,6
637,43,77600,66,66,0,1
638,26,113707,97,97,0,5
639,59,189672,8,8,0,7
640,61,143180,58,58,0,5
641,59,174890,14,14,3,4
642,66,121377,19,19,7,7
643,26,154857,13,13,0,7
644,67,160945,51,51,0,5
645,85,119557,35,35,0,2
646,76,187141,33,33,0,7
647,57,97468,22,22,0,1
648,77,160351,77,77,8,5
649,66,178627,94,94,1,2
650,49,170188,80,80,1,6
651,36,166007,40,40,1,4
652,74,91794,83,83,0,7
653,16,189072,86,86,6,3
654,27,152717,15,15,1,6
655,3,158549,98,98,0,3
656,31,134263,94,94,1,3
657,30,148236,28,28,1,1
658,94,171677,81,81,0,6
659,31,189446,38,38,1,6
660,49,106633,53,53,0,3
661,49,81084,48,48,6,5
662,53,148759,52,52,7,7
663,3,117638,95,95,2,7
664,91,159537,37,37,4,1
665,26,79526,6,6,9,7
666,28,101414,64,64,8,1
667,92,109519,72,72,1,4
668,59,156880,70,70,0,7
669,15,157278,58,58,0,6
670,23,144916,84,84,1,7
671,54,59163,100,100,3,3
672,93,93991,49,49,1,3
673,65,58318,45,45,1,1
674,13,180786,88,88,1,5
675,71,84622,45,45,0,6
676,1,92674,59,59,8,4
677,57,87553,94,94,1,1
678,14,74174,79,79,1,2
679,77,180831,33,33,1,2
680,89,137397,33,33,1,7
681,17,96154,100,100,1,4
682,86,172477,69,69,1,3
683,42,59954,37,37,4,4
684,29,112240,95,95,0,4
685,54,145679,35,35,0,2
686,96,136265,49,49,12,5
687,58,74869,12,12,0,3
688,52,109425,46,46,0,1
689,3,126015,57,57,0,1
690,13,156951,66,66,4,7
691,3,127172,68,68,1,2
692,89,113834,22,22,0,3
693,83,132005,2,2,0,5
694,80,171323,78,78,10,4
695,74,92355,87,87,1,4
696,42,60982,3,3,0,5
697,91,51742,33,33,8,3
698,31,138612,71,71,9,2
699,8,158123,84,84,1,1
700,64,164675,65,65,0,5
701,41,172882,27,27,8,7
702,62,70119,93,93,0,1
703,41,113998,26,26,7,7
704,22,114011,40,40,5,7
705,5,57265,89,89,7,7
706,38,130597,2,2,6,1
707,88,121597,7,7,0,5
708,56,103210,100,100,6,6
709,47,66308,8,8,0,4
710,4,141336,93,93,2,1
711,82,153632,76,76,9,7
712,31,65520,71,71,1,2
713,69,153217,83,83,1,6
714,62,92768,75,75,1,1
715,54,132345,10,10,0,2
716,60,186069,49,49,1,2
717,31,53802,32,32,1,7
718,17,103739,62,62,6,4
719,15,50550,34,34,9,7
720,37,145648,21,21,7,6
721,36,85737,37,37,0,3
722,27,99950,20,20,0,4
723,11,83220,21,21,7,4
724,83,73410,50,50,8,5
725,71,64310,43,43,2,1
726,20,59844,79,79,0,1
727,3,67787,1,1,1,6
728,52,172841,4,4,0,1
729,75,145528,61,61,1,2
730,36,173807,42,42,0,2
731,60,185794,69,69,7,1
732,8,119780,71,71,1,3
733,9,158596,86,86,1,2
734,41,118122,52,52,0,6
735,38,99964,11,11,7,4
736,69,120752,27,27,1,6
737,33,189630,53,53,5,5
738,64,125510,6,6,3,3
739,19,101799,49,49,1,1
740,88,92914,74,74,0,3
741,91,162465,59,59,9,3
742,84,163818,27,27,2,1
743,43,53832,56,56,4,1
744,30,140190,49,49,1,4
745,16,125836,69,69,1,4
746,89,100938,27,27,0,7
747,5,168670,37,37,1,3
748,54,176885,10,10,0,3
749,41,111174,28,28,4,5
750,80,127335,97,97,6,6
751,37,149103,3,3,10,1
752,87,167705,31,31,0,7
753,50,183548,85,85,1,4
754,14,50396,46,46,0,6
755,17,63557,3,3,1,1
756,98,87878,55,55,1,6
757,3,55634,53,53,8,3
758,83,118110,26,26,1,5
759,13,129396,36,36,6,6
760,46,62628,64,64,8,6
761,25,51700,17,17,4,6
762,4,106816,49,49,7,5
763,64,93000,67,67,0,2
764,84,144148,71,71,1,4
765,12,101388,90,90,0,2
766,56,171560,78,78,0,2
767,58,156366,60,60,8,1
768,0,143910,22,22,1,7
769,25,106569,84,84,1,3
770,28,173009,25,25,9,6
771,78,54252,29,29,0,5
772,56,104600,57,57,6,3
773,91,50250,54,54,0,2
774,77,93242,84,84,0,7
775,83,156839,38,38,3,7
776,64,71305,39,39,9,2
777,19,85975,73,73,0,6
778,94,188107,52,52,10,2
779,19,82333,35,35,1,2
780,84,125016,25,25,1,7
781,10,148908,10,10,2,3
782,19,58217,70,70,0,1
783,74,76521,29,29,7,4
784,95,117763,42,42,1,2
785,34,115184,93,93,1,4
786,30,54251,7,7,2,6
787,53,112530,24,24,2,6
788,67,107409,2,2,1,6
789,23,84793,23,23,9,6
790,25,66952,79,79,1,2
791,84,153465,11,11,1,4
792,1,178214,17,17,1,7
793,70,152069,42,42,4,4
794,56,132860,17,17,7,2
795,0,147719,86,86,1,7
796,91,172915,29,29,9,1
797,81,148594,29,29,3,5
798,33,61986,77,77,0,1
799,75,91456,13,13,1,4
800,11,166247,84,84,1,2
801,61,140516,50,50,0,3
802,81,148208,36,36,5,7
803,62,133822,78,78,0,4
804,44,175424,32,32,4,5
805,67,121528,92,92,8,4
806,30,189369,69,69,0,3
807,92,80808,26,26,1,1
808,25,57535,84,84,1,7
809,61,163509,51,51,0,4
810,72,75884,57,57,0,7
811,89,157759,52,52,1,6
812,37,184813,44,44,0,2
813,59,187253,51,51,8,7
814,41,81718,36,36,1,3
815,60,150019,37,37,1,2
816,81,53452,73,73,1,6
817,85,150765,42,42,8,2
818,91,154456,71,71,0,7
819,65,56647,12,12,6,4
820,19,117477,48,48,6,7
821,78,79677,9,9,10,7
822,0,116759,28,28,7,3
823,26,180702,21,21,6,1
824,2,122698,100,100,8,1
825,60,169346,55,55,7,2
826,67,93176,25,25,4,1
827,4,75853,40,40,4,5
828,7,119362,58,58,8,1
829,28,81545,36,36,4,7
830,67,67372,75,75,0,7
831,30,109703,61,61,1,1
832,38,166697,39,39,13,4
833,40,124982,34,34,1,7
834,6,146776,83,83,1,7
835,3,147548,45,45,4,5
836,51,117620,60,60,7,6
837,63,85351,57,57,0,2
838,65,174432,8,8,0,7
839,44,70787,68,68,1,3
840,90,75473,63,63,0,7
841,76,90082,49,49,1,6
842,62,185388,54,54,0,2
843,5,168110,69,69,14,6
844,67,184628,38,38,12,2
845,38,176551,45,45,8,1
846,31,76422,21,21,9,7
847,2,164248,51,51,9,3
848,82,109188,38,38,5,7
849,66,132951,26,26,4,1
850,75,164598,32,32,8,1
851,69,186655,32,32,7,2
852,62,111859,86,86,6,1
853,0,121926,41,41,7,1
854,11,143047,42,42,1,3
855,22,131748,23,23,1,3
856,76,142801,23,23,0,1
857,85,142723,46,46,0,6
858,21,155151,16,16,14,3
859,64,153607,48,48,1,4
860,94,144192,34,34,0,3
861,83,174159,22,22,4,4
862,93,73642,50,50,0,3
863,12,170319,46,46,8,7
864,0,141351,10,10,0,2
865,79,167411,9,9,12,5
866,90,58289,49,49,5,6
867,45,79801,77,77,0,2
868,82,146118,52,52,8,7
869,57,57337,14,14,1,4
870,43,113575,6,6,1,2
871,63,122658,65,65,6,2
872,62,151836,13,13,0,6
873,43,185900,80,80,9,4
874,34,94029,98,98,1,4
875,30,157290,22,22,2,2
876,97,175996,42,42,10,4
877,68,102016,37,37,0,4
878,16,77902,67,67,1,2
879,15,81138,86,86,9,7
880,25,128258,48,48,0,2
881,29,62475,24,24,6,4
882,85,82854,75,75,6,4
883,30,59284,38,38,7,7
884,13,141580,92,92,0,4
885,88,171362,90,90,6,4
886,5,78274,65,65,9,2
887,95,76646,61,61,0,1
888,92,78308,66,66,5,2
889,63,78971,89,89,1,2
890,75,65528,73,73,1,5
891,67,94199,71,71,5,7
892,58,135705,48,48,8,7
893,52,130573,31,31,8,3
894,85,152303,68,68,1,5
895,31,144582,89,89,1,1
896,84,93288,60,60,10,6
897,93,88192,3,3,10,2
898,18,62362,81,81,7,3
899,73,74350,39,39,10,1
900,3,144103,42,42,8,7
901,1,75518,17,17,7,3
902,53,160980,62,62,4,2
903,75,102904,28,28,7,6
904,15,174501,37,37,9,7
905,47,157661,57,57,6,6
906,66,118385,8,8,10,3
907,17,116463,100,100,8,4
908,1,161212,14,14,9,6
909,16,172601,50,50,4,6
910,52,167214,94,94,8,7
911,21,69644,19,19,5,1
912,19,120215,46,46,7,2
913,29,180401,23,23,7,6
914,40,113739,93,93,5,7
915,76,111717,41,41,1,2
916,91,62808,20,20,0,4
917,24,67582,13,13,1,3
918,4,96543,60,60,9,1
919,90,89667,69,69,0,2
920,56,98980,65,65,0,1
921,14,124998,17,17,1,3
922,52,189091,12,12,0,6
923,14,153842,3,3,1,3
924,30,106314,16,16,0,7
925,70,62901,60,60,8,5
926,14,149618,78,78,4,6
927,95,72068,97,97,0,6
928,25,81367,87,87,0,3
929,95,118575,10,10,1,3
930,12,82382,97,97,1,3
931,82,114776,55,55,10,3
932,2,145597,81,81,1,6
933,51,162072,86,86,1,1
934,63,172872,11,11,0,7
935,30,182162,6,6,1,3
936,68,71467,81,81,5,7
937,21,85568,1,1,0,6
938,99,56851,72,72,6,3
939,0,116782,73,73,9,5
940,80,67781,1,1,4,4
941,51,70152,29,29,0,2
942,18,185861,82,82,3,6
943,43,162595,17,17,3,3
944,29,80098,54,54,10,6
945,20,184801,8,8,1,1
946,39,58908,37,37,6,6
947,9,146011,69,69,9,5
948,45,135174,39,39,9,4
949,65,114244,64,64,0,1
950,64,157207,52,52,0,4
951,81,128834,23,23,5,4
952,54,51166,24,24,0,7
953,32,130118,36,36,0,4
954,29,87014,71,71,11,4
955,25,111379,93,93,0,2
956,5,83704,82,82,1,1
957,55,90558,49,49,8,2
958,12,187343,14,14,6,3
959,81,111174,48,48,9,6
960,87,64461,63,63,4,4
961,12,109618,97,97,7,3
962,91,189357,4,4,7,1
963,63,120955,79,79,6,1
964,97,168898,54,54,8,7
965,89,130431,52,52,6,3
966,59,161091,56,56,9,1
967,26,69988,2,2,5,4
968,5,169702,98,98,5,1
969,32,186897,49,49,1,7
970,98,109061,41,41,6,1
971,31,188620,30,30,3,6
972,59,108675,57,57,4,5
973,80,177601,34,34,0,2
974,12,87365,3,3,1,2
975,80,95929,23,23,0,2
976,59,97185,87,87,0,5
977,56,103838,17,17,1,2
978,18,129260,11,11,1,3
979,66,151184,19,19,1,4
980,67,177512,62,62,2,3
981,39,140099,51,51,0,7
982,23,67535,97,97,7,6
983,47,133236,61,61,1,6
984,41,87975,5,5,9,7
985,40,164350,23,23,0,5
986,36,55109,53,53,8,3
987,12,67613,40,40,1,2
988,60,185306,47,47,0,2
989,24,154787,84,84,3,5
990,17,109759,96,96,9,3
991,92,114571,51,51,1,3
992,32,130697,93,93,1,2
993,39,115916,24,24,13,6
994,50,69814,53,53,9,2
995,85,118161,74,74,0,4
996,65,56583,65,65,2,3
997,17,185843,36,36,4,3
998,31,171825,22,22,10,4
999,24,77976,95,95,11,3
1000,97,66312,75,75,0,1
1001,92,81839,11,11,0,4
1002,80,55712,5,5,5,6
1003,33,158335,45,45,2,5
1004,8,74253,45,45,1,6
1005,67,119625,3,3,4,4
1006,8,129743,6,6,0,2
1007,61,101007,60,60,0,6
1008,83,87529,49,49,9,7
1009,8,151648,98,98,8,6
1010,69,61637,67,67,0,5
1011,14,164659,59,59,1,6
1012,80,125623,62,62,0,4
1013,85,104054,22,22,8,4
1014,88,83535,56,56,1,5
1015,76,166245,13,13,7,3
1016,32,100890,60,60,4,4
1017,99,55972,83,83,1,7
1018,85,134282,39,39,2,5
1019,25,106669,22,22,1,7
1020,99,145777,94,94,1,5
1021,41,119259,91,91,1,5
1022,1,150174,59,59,2,2
1023,45,55472,51,51,1,3
1024,55,99423,82,82,0,5
1025,20,146221,25,25,0,3
1026,33,84238,31,31,1,2
1027,92,57032,75,75,1,5
1028,93,88811,52,52,0,4
1029,60,167420,38,38,5,2
1030,38,101846,17,17,3,2
1031,15,114061,87,87,2,5
1032,74,147449,16,16,1,5
1033,47,83043,76,76,0,1
1034,96,168990,81,81,9,5
1035,97,73867,65,65,4,5
1036,35,165772,51,51,1,4
1037,19,178217,38,38,0,3
1038,60,162612,98,98,1,6
1039,37,99872,53,53,11,3
1040,49,142566,77,77,1,7
1041,1,111424,80,80,8,5
1042,43,187841,38,38,1,4
1043,46,171921,50,50,1,6
1044,65,115299,87,87,6,3
1045,75,94129,27,27,6,7
1046,40,172378,39,39,5,6
1047,28,146597,31,31,1,4
1048,78,64057,44,44,0,3
1049,22,163585,49,49,9,5
1050,6,93186,83,83,1,3
1051,46,149764,1,1,0,6
1052,17,116822,84,84,1,3
1053,46,109346,37,37,1,2
1054,72,111587,99,99,7,4
1055,38,166644,66,66,8,6
1056,50,181270,56,56,1,1
1057,47,65207,81,81,1,2
1058,72,112146,21,21,8,4
1059,8,104953,57,57,1,6
1060,34,139009,24,24,0,4
1061,53,67916,82,82,0,6
1062,82,99983,88,88,0,1
1063,63,131122,40,40,9,6
1064,58,173190,37,37,9,4
1065,23,122712,21,21,1,1
1066,80,55792,30,30,1,6
1067,45,73892,45,45,1,4
1068,30,78821,46,46,1,4
1069,84,152475,12,12,0,7
1070,45,152226,87,87,4,4
1071,85,117679,18,18,1,3
1072,23,146473,87,87,1,4
1073,79,66051,75,75,1,7
1074,47,162332,72,72,1,5
1075,93,166018,71,71,0,3
1076,95,67398,81,81,2,5
1077,44,73760,70,70,1,6
1078,95,167578,66,66,0,1
1079,28,130267,45,45,8,4
1080,91,94846,95,95,0,5
1081,81,155396,1,1,9,5
1082,90,138013,16,16,8,7
1083,79,148286,77,77,0,4
1084,6,101031,28,28,1,1
1085,38,52884,24,24,1,1
1086,87,153230,15,15,8,1
1087,93,63261,13,13,1,7
1088,44,90167,84,84,0,3
1089,10,162076,78,78,0,3
1090,84,53622,27,27,0,3
1091,7,172913,94,94,3,4
1092,41,94316,86,86,0,6
1093,87,141383,3,3,7,5
1094,33,67874,55,55,0,2
1095,34,176554,62,62,1,2
1096,53,135341,56,56,10,2
1097,47,129019,57,57,0,3
1098,53,107879,3,3,1,6
1099,92,79531,4,4,1,1
1100,89,63379,59,59,12,7
1101,27,156258,54,54,0,4
1102,70,67874,41,41,9,3
1103,86,159964,57,57,5,6
1104,99,103706,50,50,1,2
1105,96,64713,84,84,2,7
1106,65,90414,55,55,1,5
1107,82,171100,34,34,0,5
1108,36,187305,85,85,6,7
1109,30,139758,46,46,0,6
1110,96,91226,56,56,0,5
1111,69,143928,30,30,9,7
1112,34,92366,14,14,0,6
1113,74,175041,25,25,4,1
1114,97,147301,93,93,1,5
1115,56,119296,49,49,0,7
1116,30,126306,44,44,0,1
1117,13,100647,49,49,1,3
1118,95,168663,16,16,11,5
1119,2,105391,42,42,1,7
1120,78,175179,43,43,9,4
1121,54,165019,12,12,1,2
1122,85,68212,26,26,7,4
1123,13,64572,71,71,1,2
1124,85,92591,99,99,8,2
1125,41,69730,97,97,1,4
1126,25,156793,57,57,2,4
1127,74,56848,41,41,5,1
1128,8,148450,55,55,0,6
1129,62,150619,32,32,10,6
1130,52,100261,10,10,1,6
1131,36,109895,56,56,5,2
1132,11,152684,24,24,0,3
1133,84,133765,83,83,1,3
1134,99,57677,99,99,0,5
1135,51,112358,27,27,0,6
1136,57,73845,52,52,1,7
1137,92,89531,42,42,6,2
1138,29,118092,100,100,7,3
1139,62,144242,49,49,1,4
1140,43,140876,90,90,0,4
1141,72,76888,26,26,0,1
1142,28,116644,88,88,6,3
1143,57,143021,3,3,5,4
1144,86,145679,91,91,9,6
1145,26,64398,7,7,1,6
1146,13,104512,40,40,9,3
1147,1,71564,68,68,1,5
1148,89,122707,64,64,2,3
1149,91,51733,96,96,0,5
1150,67,138087,63,63,1,7
1151,63,147278,51,51,0,4
1152,90,187339,62,62,0,6
1153,87,129972,97,97,1,6
1154,89,151176,55,55,1,2
1155,34,74358,60,60,0,6
1156,89,83953,82,82,0,3
1157,31,62925,24,24,1,6
1158,55,65257,93,93,2,3
1159,3,188557,4,4,9,2
1160,64,163783,84,84,3,1
1161,1,108342,97,97,0,3
1162,20,155951,21,21,7,4
1163,18,183071,29,29,7,4
1164,83,124104,20,20,4,6
1165,21,136747,3,3,1,1
1166,19,189498,18,18,4,1
1167,74,76149,48,48,9,6
1168,44,185550,54,54,0,1
1169,52,119567,19,19,5,2
1170,14,79806,30,30,1,6
1171,10,180774,66,66,1,5
1172,80,90142,50,50,1,2
1173,82,184481,84,84,0,2
1174,32,66089,75,75,6,3
1175,16,60044,83,83,4,1
1176,61,52543,23,23,0,6
1177,57,50429,23,23,0,1
1178,95,178228,45,45,1,2
1179,38,161130,98,98,8,3
1180,70,87976,38,38,1,6
1181,40,179150,91,91,5,2
1182,92,163442,32,32,1,6
1183,73,108159,18,18,8,7
1184,62,73419,14,14,0,1
1185,12,138425,78,78,11,6
1186,65,54431,93,93,1,7
1187,88,168437,81,81,2,2
1188,55,71322,54,54,1,6
1189,99,122548,14,14,2,5
1190,20,141428,32,32,1,5
1191,97,142214,32,32,7,4
1192,93,62590,43,43,9,6
1193,84,172523,83,83,6,2
1194,16,157588,76,76,2,6
1195,10,143313,57,57,4,7
1196,59,119833,38,38,1,2
1197,54,70803,35,35,0,5
1198,82,139008,47,47,1,4
1199,83,126669,53,53,1,6
1200,87,122722,10,10,9,4
1201,1,79800,47,47,0,1
1202,89,100155,5,5,6,1
1203,32,110846,49,49,0,2
1204,1,106841,69,69,0,3
1205,54,117181,66,66,12,5
1206,56,86898,76,76,0,6
1207,31,143241,81,81,4,7
1208,26,146028,33,33,0,5
1209,7,165287,65,65,1,3
1210,60,132486,9,9,1,2
1211,92,96424,74,74,8,5
1212,93,151468,41,41,1,5
1213,8,76561,79,79,0,1
1214,81,125316,81,81,0,6
1215,21,109373,22,22,4,2
1216,96,135042,12,12,0,7
1217,78,59784,81,81,3,3
1218,86,140687,63,63,1,2
1219,1,182927,55,55,1,1
1220,62,175534,44,44,1,6
1221,68,170957,6,6,1,3
1222,70,81197,76,76,0,4
1223,21,104888,8,8,0,4
1224,74,184838,18,18,8,5
1225,62,139588,66,66,0,2
1226,22,126543,45,45,0,3
1227,87,177260,45,45,14,2
1228,44,156823,42,42,9,5
1229,27,183201,52,52,8,6
1230,95,84925,46,46,4,6
1231,89,69719,47,47,9,2
1232,41,61355,13,13,1,3
1233,41,156014,49,49,14,5
1234,21,184088,21,21,11,7
1235,59,158372,98,98,1,1
1236,64,135742,67,67,1,7
1237,38,145704,82,82,0,4
1238,70,157307,23,23,4,3
1239,25,88064,73,73,1,5
1240,3,167226,59,59,3,1
1241,70,153821,8,8,1,4
1242,29,170669,78,78,9,5
1243,88,93555,13,13,3,3
1244,20,101941,18,18,1,3
1245,58,78795,44,44,0,6
1246,70,55875,94,94,0,5
1247,44,177513,81,81,1,5
1248,87,100850,83,83,0,3
1249,0,143082,63,63,0,7
1250,96,85447,4,4,9,6
1251,75,114213,33,33,9,4
1252,14,161120,69,69,0,1
1253,8,186682,86,86,1,1
1254,58,105302,75,75,0,3
1255,5,133400,47,47,0,6
1256,70,56432,23,23,0,5
1257,49,136467,72,72,3,3
1258,60,189945,20,20,0,5
1259,25,163966,48,48,1,5
1260,47,52152,17,17,0,3
1261,53,145720,62,62,12,7
1262,24,188034,61,61,1,5
1263,46,127911,3,3,9,2
1264,70,174114,31,31,1,1
1265,53,144489,10,10,14,3
1266,63,77440,47,47,0,5
1267,24,86119,44,44,1,6
1268,5,100056,49,49,1,3
1269,7,66686,50,50,8,7
1270,71,74696,41,41,1,6
1271,23,65641,50,50,4,5
1272,0,61228,81,81,1,6
1273,2,138529,87,87,0,4
1274,72,152405,4,4,1,4
1275,18,157757,84,84,0,4
1276,11,166361,59,59,6,4
1277,95,67227,30,30,1,7
1278,20,161156,88,88,0,4
1279,58,170647,70,70,1,7
1280,67,161646,36,36,0,2
1281,43,98016,18,18,9,6
1282,36,50526,19,19,0,6
1283,2,175208,43,43,8,4
1284,35,97721,48,48,0,7
1285,81,142013,81,81,3,4
1286,84,166737,76,76,0,3
1287,18,62651,13,13,0,2
1288,54,179546,4,4,8,4
1289,98,51866,81,81,12,7
1290,75,86297,42,42,9,4
1291,98,65031,23,23,0,4
1292,94,69383,25,25,0,2
1293,24,70733,63,63,5,3
1294,47,187898,89,89,6,2
1295,40,116001,55,55,1,4
1296,68,87040,4,4,9,1
1297,18,180956,74,74,2,2
1298,83,115517,82,82,0,6
1299,34,76979,46,46,1,3
1300,81,50798,56,56,10,5
1301,61,146350,43,43,1,3
1302,77,81112,61,61,5,3
1303,52,80605,20,20,1,6
1304,40,171949,11,11,1,6
1305,93,159006,26,26,8,6
1306,45,177368,96,96,1,2
1307,83,187643,3,3,1,1
1308,23,93841,25,25,0,7
1309,15,131061,92,92,0,7
1310,79,146130,20,20,6,6
1311,80,84471,79,79,1,5
1312,35,144485,15,15,0,4
1313,39,158638,78,78,2,5
1314,4,96693,28,28,0,4
1315,83,129507,93,93,4,7
1316,94,114510,39,39,0,4
1317,33,109396,17,17,1,2
1318,12,149031,96,96,10,5
1319,77,66256,13,13,1,2
1320,48,118285,69,69,8,4
1321,97,128723,58,58,4,5
1322,28,178285,91,91,4,7
1323,99,144176,74,74,7,2
1324,27,82474,31,31,9,3
1325,95,159010,84,84,6,2
1326,6,76164,83,83,6,2
1327,18,77873,49,49,6,5
1328,42,53392,89,89,6,4
1329,50,168898,41,41,9,7
1330,86,128917,7,7,5,5
1331,69,185067,49,49,5,4
1332,23,132183,76,76,10,3
1333,82,82060,46,46,7,1
1334,97,133614,58,58,7,4
1335,42,94844,64,64,7,6
1336,75,76474,5,5,5,5
1337,14,94655,9,9,8,1
1338,3,60933,30,30,8,1
1339,16,79257,82,82,6,2
1340,45,125677,36,36,5,2
1341,23,127971,56,56,1,5
1342,38,76103,62,62,9,3
1343,45,114741,96,96,0,5
1344,82,157994,92,92,1,1
1345,73,93786,44,44,3,1
1346,36,75178,41,41,1,7
1347,13,175267,81,81,1,4
1348,96,99263,100,100,8,1
1349,83,52590,3,3,0,4
1350,33,170959,75,75,0,4
1351,68,135076,60,60,1,5
1352,88,167112,34,34,0,1
1353,87,184639,12,12,1,6
1354,88,172369,80,80,6,6
1355,43,124256,67,67,1,7
1356,64,89972,92,92,10,6
1357,96,67799,42,42,1,6
1358,72,176074,70,70,1,7
1359,48,167517,27,27,2,7
1360,64,77914,11,11,1,6
1361,8,57605,81,81,0,2
1362,52,86365,70,70,1,7
1363,3,93883,39,39,1,2
1364,44,131091,62,62,4,1
1365,14,87222,14,14,8,4
1366,50,117076,45,45,1,2
1367,53,150925,1,1,1,2
1368,31,149379,100,100,0,3
1369,31,138644,94,94,4,3
1370,97,148493,42,42,4,7
1371,27,84658,66,66,4,6
1372,2,111618,99,99,6,5
1373,81,108759,60,60,7,6
1374,64,186203,73,73,10,5
1375,11,147258,59,59,10,2
1376,78,132983,67,67,7,7
1377,72,149092,39,39,8,1
1378,36,163845,84,84,5,7
1379,97,117777,67,67,5,5
1380,88,131584,18,18,7,3
1381,21,123904,91,91,7,5
1382,62,89801,88,88,5,4
1383,73,173466,57,57,10,5
1384,34,55690,4,4,4,6
1385,50,104467,72,72,5,1
1386,39,100419,19,19,5,4
1387,82,62951,47,47,8,2
1388,39,118554,1,1,4,6
1389,13,140673,49,49,6,7
1390,68,75561,87,87,5,3
1391,77,147306,50,50,6,6
1392,35,111871,30,30,10,1
1393,5,112884,43,43,0,6
1394,47,121267,58,58,1,1
1395,48,151519,93,93,7,2
1396,34,105448,40,40,0,5
1397,20,92048,91,91,1,1
1398,61,99980,94,94,10,1
1399,16,84003,68,68,9,6
1400,2,110889,95,95,1,2
1401,52,82478,95,95,10,1
1402,99,139685,20,20,1,4
1403,84,182374,62,62,0,6
1404,58,119366,94,94,4,2
1405,91,53788,57,57,0,2
1406,1,90341,92,92,0,2
1407,67,118348,94,94,1,7
1408,56,137428,87,87,0,2
1409,62,106982,53,53,1,7
1410,12,98532,52,52,0,6
1411,38,120825,24,24,9,7
1412,51,58006,83,83,1,5
1413,20,106941,73,73,1,1
1414,43,129782,31,31,1,2
1415,93,121513,90,90,0,6
1416,54,79925,30,30,0,3
1417,23,112089,74,74,7,7
1418,1,138656,27,27,3,4
1419,64,146794,90,90,8,3
1420,55,75033,30,30,5,5
1421,85,149969,78,78,0,6
1422,20,124852,39,39,5,5
1423,73,154837,42,42,8,4
1424,53,145678,55,55,0,1
1425,7,137354,89,89,8,7
1426,50,136660,48,48,1,3
1427,12,63334,99,99,0,6
1428,37,62893,29,29,1,5
1429,78,163514,89,89,9,2
1430,29,145934,40,40,10,2
1431,54,119223,58,58,10,7
1432,89,127479,18,18,10,2
1433,25,136146,98,98,6,6
1434,14,76001,46,46,7,3
1435,12,84885,24,24,6,2
1436,18,82812,1,1,6,2
1437,74,51260,43,43,5,5
1438,21,159572,42,42,5,5
1439,9,130186,88,88,9,7
1440,49,176954,57,57,5,6
1441,58,85908,99,99,5,4
1442,16,75831,5,5,10,7
1443,55,123045,56,56,7,3
1444,31,161211,10,10,9,1
1445,59,81702,27,27,6,4
1446,25,173043,3,3,8,6
1447,63,126380,90,90,6,1
1448,60,128205,27,27,6,5
1449,41,181355,73,73,10,3
1450,84,97931,70,70,9,7
1451,72,146432,25,25,6,1
1452,97,125731,41,41,6,4
1453,43,132701,70,70,5,2
1454,63,116095,8,8,5,1
1455,7,135773,42,42,9,5
1456,54,136417,45,45,9,6
1457,27,80783,82,82,9,3
1458,28,182580,60,60,6,6
1459,84,143567,48,48,7,2
1460,71,85908,85,85,5,4
1461,88,139806,99,99,4,4
1462,75,77269,24,24,8,1
1463,96,105968,65,65,4,5
1464,83,125660,19,19,10,4
1465,86,98444,76,76,7,4
1466,60,179503,9,9,4,3
1467,5,60575,14,14,5,2
1468,65,75685,19,19,7,3
1469,49,85374,45,45,8,5
1470,78,128642,19,19,5,6
1471,25,182292,78,78,7,5
1472,5,124702,94,94,10,3
1473,58,127833,2,2,7,7
1474,80,178866,97,97,8,4
1475,94,183643,51,51,5,5
1476,62,113306,4,4,5,6
1477,20,84008,77,77,8,4
1478,85,85758,35,35,10,4
1479,72,63128,45,45,8,7
1480,95,70174,6,6,10,6
1481,97,170133,42,42,5,5
1482,25,165978,42,42,7,3
1483,17,149727,78,78,7,3
1484,19,147052,86,86,9,4
1485,59,113389,79,79,4,6
1486,30,111690,73,73,10,4
1487,63,184830,60,60,9,3
1488,23,91549,23,23,4,3
1489,97,94629,17,17,6,3
1490,97,167558,99,99,4,7
1491,94,119189,57,57,9,3
1492,28,96207,67,67,5,5
1493,21,85339,6,6,4,7
1494,25,111942,7,7,5,5
1495,48,157003,45,45,5,4
1496,53,117123,23,23,9,7
1497,97,172747,76,76,7,2
1498,33,157358,52,52,7,4
1499,5,156655,20,20,4,5
1500,72,166043,93,93,7,6
1501,40,67768,15,15,10,6
1502,34,171353,34,34,8,4
1503,63,116971,76,76,7,5
1504,85,97822,38,38,5,3
1505,86,117203,83,83,10,3
1506,63,88720,100,100,10,1
1507,9,173233,18,18,5,1
1508,76,139447,36,36,8,7
1509,19,179269,93,93,6,3
1510,84,136254,90,90,5,6
1511,38,174594,56,56,8,2
1512,1,100429,19,19,9,1
1513,30,73107,48,48,9,1
1514,86,98344,25,25,6,6
1515,21,163509,21,21,10,1
1516,15,116204,16,16,8,2
1517,87,95853,53,53,9,1
1518,40,156411,70,70,6,5
1519,2,72889,36,36,5,7
1520,63,106691,79,79,9,3
1521,26,144832,42,42,5,3
1522,29,132297,53,53,8,1
1523,7,170345,3,3,9,5
1524,28,157383,13,13,8,2
1525,99,150782,18,18,8,2
1526,69,143987,87,87,10,5
1527,13,129659,59,59,6,7
1528,73,104826,36,36,5,1
1529,4,181471,59,59,10,4
1530,42,152547,56,56,7,4
1531,43,85347,9,9,1,1
1532,79,122828,32,32,0,5
1533,18,107794,17,17,0,5
1534,39,152566,11,11,1,7
1535,41,91715,99,99,0,3
1536,60,99222,48,48,1,6
1537,39,70280,99,99,0,4
1538,90,70030,86,86,1,2
1539,83,102083,24,24,1,1
1540,92,166163,87,87,8,5
1541,6,182871,27,27,8,6
1542,50,187545,61,61,4,6
1543,90,182910,86,86,0,1
1544,13,174530,30,30,1,6
1545,27,115438,37,37,0,6
1546,93,93964,80,80,4,2
1547,61,180341,75,75,1,3
1548,91,107323,1,1,7,7
1549,79,119435,55,55,0,7
1550,80,68341,22,22,13,6
1551,16,95365,60,60,0,5
1552,4,131093,79,79,1,7
1553,34,100621,3,3,1,1
1554,10,116521,47,47,0,2
1555,3,136316,88,88,0,3
1556,96,172039,51,51,0,6
1557,48,70844,22,22,0,3
1558,25,100964,96,96,1,6
1559,98,128037,39,39,6,2
1560,84,97081,75,75,1,3
1561,88,92247,47,47,0,6
1562,86,129914,92,92,1,3
1563,0,94014,53,53,9,5
1564,56,138864,93,93,0,5
1565,6,169299,46,46,1,5
1566,2,119097,40,40,0,7
1567,73,68161,23,23,1,2
1568,38,181108,32,32,1,1
1569,37,87764,59,59,9,7
1570,41,102543,54,54,7,3
1571,94,139417,13,13,1,3
1572,57,81802,29,29,9,1
1573,96,102788,51,51,0,1
1574,59,163179,19,19,1,7
1575,87,71318,22,22,1,3
1576,55,63683,34,34,3,1
1577,16,189689,37,37,8,5
1578,82,121610,36,36,0,5
1579,83,150682,25,25,1,1
1580,96,124550,46,46,0,3
1581,55,148875,99,99,0,4
1582,6,107117,44,44,1,3
1583,33,109223,43,43,1,5
1584,0,120899,7,7,2,6
1585,27,101948,31,31,0,5
1586,72,143169,58,58,0,4
1587,13,167619,4,4,7,6
1588,19,181795,59,59,3,5
1589,48,186445,41,41,0,1
1590,58,102205,24,24,1,1
1591,21,52326,69,69,0,2
1592,91,82992,5,5,1,5
1593,44,145520,55,55,1,7
1594,80,104820,96,96,2,4
1595,28,69025,79,79,0,2
1596,74,164976,89,89,0,4
1597,79,178576,51,51,5,5
1598,42,72415,52,52,0,5
1599,80,112146,24,24,0,3
1600,8,144830,43,43,0,1
1601,24,51661,79,79,0,7
1602,71,152910,90,90,1,6
1603,1,114556,64,64,0,7
1604,0,143455,62,62,1,6
1605,30,173096,92,92,0,3
1606,52,121172,97,97,5,4
1607,34,56492,15,15,8,1
1608,64,156422,39,39,1,7
1609,17,131863,94,94,1,7
1610,71,118096,36,36,0,3
1611,87,149685,30,30,9,6
1612,68,89765,28,28,0,7
1613,14,177701,49,49,0,6
1614,24,64738,67,67,0,6
1615,10,92734,28,28,1,4
1616,53,146877,47,47,4,3
1617,39,62935,60,60,0,7
1618,16,67178,17,17,8,3
1619,64,115754,35,35,1,3
1620,41,186470,21,21,0,7
1621,16,100939,34,34,7,6
1622,94,86172,55,55,4,4
1623,40,184222,17,17,0,2
1624,81,71543,1,1,1,4
1625,18,174836,63,63,0,4
1626,78,130706,72,72,3,6
1627,8,74407,100,100,0,6
1628,64,130055,46,46,2,1
1629,45,88707,81,81,0,5
1630,99,162762,52,52,1,1
1631,59,154821,77,77,0,2
1632,53,57248,66,66,5,5
1633,66,99902,54,54,10,2
1634,1,165711,50,50,1,2
1635,73,97455,55,55,6,4
1636,34,93866,43,43,9,2
1637,1,141307,17,17,1,3
1638,73,172011,9,9,1,5
1639,90,68138,18,18,2,7
1640,32,123246,100,100,8,6
1641,47,124194,32,32,1,7
1642,15,188696,87,87,8,3
1643,78,91213,84,84,3,5
1644,83,166650,99,99,1,3
1645,2,52727,60,60,1,3
1646,75,126469,86,86,1,2
1647,45,138775,17,17,0,7
1648,49,68901,70,70,7,7
1649,41,118621,7,7,0,7
1650,34,109263,77,77,0,1
1651,82,150012,83,83,3,6
1652,37,133850,85,85,9,3
1653,25,81640,95,95,1,6
1654,52,133214,1,1,9,7
1655,23,186723,42,42,8,5
1656,96,92100,23,23,9,3
1657,5,64484,10,10,0,5
1658,47,69024,3,3,4,5
1659,81,171194,55,55,0,5
1660,4,183282,34,34,1,1
1661,8,100099,74,74,1,3
1662,35,164435,26,26,1,3
1663,67,172407,60,60,9,3
1664,9,84781,14,14,1,3
1665,82,186130,61,61,3,7
1666,2,56782,10,10,9,5
1667,95,137206,4,4,0,4
1668,9,146950,92,92,6,5
1669,99,174275,4,4,0,2
1670,96,97705,41,41,8,2
1671,92,188984,69,69,1,4
1672,24,119238,55,55,1,3
1673,58,87923,19,19,0,5
1674,15,128573,97,97,1,1
1675,13,132374,96,96,0,3
1676,51,135164,75,75,9,3
1677,9,165194,10,10,8,3
1678,0,126060,92,92,1,3
1679,67,89366,55,55,9,3
1680,58,95172,77,77,1,5
1681,55,95975,49,49,0,1
1682,52,165573,59,59,0,7
1683,83,180887,59,59,1,1
1684,83,142720,86,86,0,1
1685,90,113460,54,54,1,7
1686,87,110434,20,20,7,3
1687,67,146016,38,38,1,6
1688,81,101073,67,67,0,7
1689,36,62617,10,10,9,3
1690,51,96028,37,37,0,5
1691,31,186334,37,37,0,1
1692,57,163473,52,52,0,1
1693,83,89819,59,59,4,2
1694,51,69388,33,33,3,4
1695,15,134748,76,76,1,6
1696,18,149915,94,94,14,1
1697,88,104098,48,48,1,6
1698,70,80160,10,10,8,5
1699,9,124125,91,91,1,2
1700,6,170226,31,31,0,3
1701,8,53306,98,98,0,2
1702,55,103933,31,31,6,3
1703,69,85401,10,10,4,6
1704,18,53812,32,32,9,5
1705,13,60771,50,50,1,7
1706,69,56398,75,75,8,3
1707,69,171118,91,91,9,3
1708,69,79806,73,73,0,5
1709,89,150187,35,35,0,5
1710,45,129455,14,14,0,3
1711,75,116813,72,72,10,6
1712,54,95734,39,39,8,7
1713,33,76654,48,48,4,1
1714,67,86289,96,96,1,5
1715,26,176147,19,19,0,1
1716,5,142351,97,97,0,7
1717,65,186673,51,51,1,1
1718,94,131521,62,62,0,6
1719,95,50223,15,15,8,1
1720,48,74308,23,23,1,2
1721,41,155881,22,22,0,7
1722,92,168303,16,16,9,4
1723,44,182748,58,58,1,7
1724,35,52374,73,73,1,1
1725,34,86154,17,17,1,2
1726,52,163612,51,51,0,5
1727,64,64756,17,17,10,1
1728,62,185257,58,58,1,4
1729,58,78669,75,75,1,7
1730,15,164520,47,47,1,7
1731,65,92135,49,49,6,4
1732,20,103195,68,68,0,7
1733,21,161663,36,36,1,7
1734,79,57039,34,34,2,6
1735,91,54754,4,4,0,2
1736,92,136531,76,76,1,4
1737,62,120838,79,79,1,4
1738,94,127927,48,48,0,4
1739,10,164214,77,77,0,4
1740,53,145498,66,66,8,4
1741,7,129215,69,69,9,6
1742,92,152429,76,76,0,2
1743,12,89252,31,31,0,5
1744,31,147447,23,23,6,7
1745,93,74467,33,33,5,1
1746,66,127410,37,37,8,2
1747,49,91290,44,44,7,7
1748,64,92812,97,97,5,7
1749,27,170166,18,18,10,4
1750,33,150823,75,75,4,1
1751,79,95839,30,30,7,2
1752,14,60175,60,60,9,7
1753,22,153024,91,91,10,7
1754,8,116858,67,67,5,7
1755,6,122961,47,47,8,2
1756,81,141471,45,45,8,6
1757,69,76155,14,14,8,7
1758,0,108169,24,24,10,3
1759,61,139520,39,39,8,4
1760,62,182631,52,52,5,3
1761,95,177134,78,78,10,2
1762,32,181703,54,54,6,2
1763,13,61917,16,16,7,2
1764,1,140648,36,36,9,7
1765,63,176783,40,40,9,4
1766,75,59741,67,67,10,5
1767,43,156567,89,89,7,6
1768,29,110309,21,21,6,2
1769,82,111077,55,55,9,7
1770,87,170333,96,96,4,2
1771,66,183339,39,39,7,4
1772,99,84167,46,46,10,7
1773,54,184815,50,50,6,3
1774,49,122556,74,74,9,7
1775,60,174768,66,66,9,2
1776,75,172309,82,82,4,1
1777,77,117920,4,4,10,4
1778,34,134882,61,61,10,3
1779,63,77259,11,11,6,6
1780,38,170019,38,38,7,2
1781,68,176884,94,94,10,2
1782,80,106709,93,93,10,2
1783,8,168723,31,31,7,2
1784,86,90228,68,68,7,5
1785,1,89473,85,85,10,4
1786,56,131911,42,42,7,7
1787,14,140107,63,63,6,6
1788,4,170403,44,44,4,5
1789,58,51416,46,46,7,5
1790,6,52648,2,2,5,2
1791,17,125471,48,48,7,1
1792,55,106153,62,62,10,1
1793,14,124785,28,28,7,2
1794,22,101474,14,14,10,2
1795,8,141359,65,65,4,5
1796,70,57596,96,96,4,1
1797,67,78489,81,81,7,5
1798,50,112957,71,71,5,3
1799,72,82377,37,37,9,2
1800,76,82315,53,53,6,1
1801,80,93253,51,51,4,5
1802,20,189650,60,60,8,4
1803,89,114858,53,53,10,1
1804,18,62151,18,18,8,2
1805,75,135159,12,12,7,6
1806,5,126263,55,55,6,3
1807,79,123064,41,41,10,4
1808,31,181773,40,40,8,1
1809,92,171794,65,65,6,5
1810,15,156339,27,27,6,2
1811,94,65483,84,84,10,7
1812,35,145654,22,22,6,3
1813,68,91609,43,43,8,1
1814,29,53002,73,73,5,5
1815,87,115699,61,61,9,1
1816,33,149609,44,44,9,2
1817,29,165254,7,7,9,7
1818,43,50418,49,49,5,1
1819,43,103531,90,90,10,5
1820,66,184060,98,98,10,5
1821,23,75961,70,70,5,7
1822,87,174163,28,28,4,2
1823,81,105255,54,54,8,3
1824,42,51860,4,4,4,5
1825,32,185218,83,83,4,6
1826,7,189709,18,18,6,6
1827,91,134665,66,66,7,2
1828,95,91352,9,9,7,3
1829,10,154623,21,21,6,6
1830,20,113767,88,88,6,2
1831,5,160469,61,61,8,1
1832,84,99418,27,27,4,2
1833,54,56215,34,34,10,4
1834,12,55639,63,63,8,1
1835,90,62504,99,99,10,4
1836,19,151382,38,38,1,1
1837,91,156574,96,96,0,7
1838,90,60998,35,35,1,7
1839,60,108509,36,36,0,2
1840,68,85540,49,49,9,1
1841,43,73915,47,47,11,2
1842,52,148901,77,77,4,4
1843,81,152602,91,91,0,1
1844,54,58999,22,22,7,3
1845,43,133740,37,37,5,4
1846,20,113217,41,41,9,1
1847,71,60209,46,46,1,3
1848,26,145491,72,72,9,5
1849,75,61393,65,65,7,5
1850,52,133252,55,55,1,1
1851,40,187234,14,14,0,5
1852,5,145563,60,60,9,6
1853,46,165810,38,38,3,5
1854,98,125181,30,30,0,7
1855,84,56809,96,96,1,2
1856,35,69419,68,68,9,1
1857,78,70689,54,54,1,4
1858,64,55011,53,53,1,7
1859,98,87955,79,79,0,2
1860,66,153660,24,24,0,5
1861,32,104494,28,28,6,4
1862,22,184443,44,44,3,7
1863,17,150778,35,35,1,7
1864,22,88729,81,81,1,1
1865,9,151902,18,18,0,2
1866,24,51604,4,4,0,2
1867,8,157316,75,75,9,3
1868,52,125508,15,15,1,6
1869,62,186157,54,54,1,1
1870,37,169381,45,45,0,4
1871,68,110195,47,47,9,2
1872,63,81199,80,80,1,2
1873,15,58459,67,67,0,6
1874,44,173682,89,89,12,6
1875,18,162983,16,16,0,6
1876,30,94480,1,1,0,4
1877,69,168710,80,80,1,4
1878,16,150193,83,83,2,2
1879,71,91823,74,74,1,4
1880,24,173091,24,24,6,2
1881,57,102692,94,94,0,2
1882,97,156812,77,77,0,6
1883,68,51468,48,48,0,3
1884,11,114071,37,37,0,2
1885,63,155638,81,81,1,4
1886,68,129971,61,61,8,3
1887,69,104160,77,77,4,4
1888,77,124995,66,66,0,1
1889,73,180437,50,50,1,5
1890,19,134644,96,96,1,2
1891,1,130089,67,67,0,5
1892,71,149318,27,27,4,1
1893,6,125591,79,79,8,6
1894,68,173047,17,17,0,3
1895,39,61298,91,91,0,5
1896,75,132993,55,55,8,2
1897,65,72313,36,36,1,5
1898,30,84885,9,9,6,5
1899,46,126228,95,95,8,2
1900,40,51199,29,29,7,7
1901,40,54631,70,70,0,6
1902,20,131810,16,16,5,7
1903,88,138482,59,59,8,4
1904,85,74081,87,87,4,3
1905,94,112426,54,54,9,6
1906,52,164038,53,53,5,4
1907,68,53552,97,97,7,6
1908,15,142147,78,78,8,4
1909,4,180324,41,41,9,2
1910,59,149067,78,78,9,7
1911,32,184408,38,38,6,7
1912,8,59116,45,45,10,6
1913,92,174786,94,94,4,3
1914,9,71076,2,2,8,1
1915,41,56837,4,4,8,4
1916,18,134752,47,47,6,5
1917,78,112887,80,80,9,6
1918,0,73128,74,74,7,5
1919,11,152765,17,17,8,1
1920,36,140637,19,19,8,7
1921,46,137973,50,50,7,7
1922,95,126791,34,34,6,4
1923,97,75125,89,89,8,3
1924,2,101718,11,11,8,3
1925,94,69654,30,30,4,4
1926,0,105935,46,46,4,5
1927,3,74607,69,69,6,1
1928,77,151985,29,29,4,7
1929,70,76892,64,64,5,2
1930,58,87602,25,25,5,3
1931,72,182317,46,46,8,6
1932,90,158280,92,92,6,7
1933,23,59905,79,79,7,5
1934,87,128153,42,42,7,6
1935,64,142612,58,58,4,6
1936,15,180163,9,9,10,7
1937,14,68009,17,17,9,3
1938,54,166183,65,65,7,6
1939,76,132537,44,44,5,3
1940,76,146308,49,49,5,1
1941,52,63454,38,38,5,5
1942,96,110519,6,6,9,4
1943,55,66728,50,50,10,5
1944,54,170638,64,64,4,5
1945,19,129635,100,100,6,4
1946,29,133587,74,74,5,3
1947,96,126225,47,47,7,4
1948,20,148776,21,21,8,5
1949,91,142602,64,64,7,6
1950,37,102413,38,38,5,5
1951,42,68765,69,69,4,1
1952,1,57522,75,75,10,5
1953,58,149237,80,80,8,6
1954,42,184844,24,24,6,1
1955,48,131656,45,45,9,6
1956,11,181026,39,39,6,2
1957,59,101698,87,87,9,3
1958,45,152560,32,32,9,2
1959,73,142502,97,97,5,1
1960,85,155432,21,21,4,6
1961,70,108544,49,49,4,5
1962,52,106530,46,46,7,2
1963,70,124359,51,51,7,7
1964,88,146970,90,90,7,6
1965,61,182176,96,96,9,5
1966,46,114435,34,34,8,3
1967,65,134213,32,32,8,4
1968,84,115580,73,73,8,5
1969,76,124034,88,88,10,2
1970,31,67894,42,42,9,1
1971,55,107099,89,89,4,6
1972,45,140263,88,88,10,5
1973,98,104249,12,12,5,2
1974,40,168821,36,36,4,5
1975,14,153145,59,59,8,6
1976,41,128960,43,43,9,4
1977,60,127438,82,82,7,2
1978,60,125968,100,100,8,2
1979,84,104589,85,85,10,2
1980,0,165321,93,93,8,1
1981,10,86925,76,76,7,2
1982,62,149797,19,19,5,6
1983,33,137094,68,68,4,1
1984,52,55395,41,41,10,1
1985,2,153622,51,51,6,6
1986,27,74050,44,44,8,1
1987,4,68094,61,61,4,7
1988,63,59244,80,80,7,1
1989,54,118944,77,77,4,4
1990,47,75293,55,55,6,7
1991,30,166983,69,69,7,3
1992,97,129444,96,96,5,6
1993,94,181183,24,24,9,3
1994,64,175254,100,100,9,5
1995,19,54121,89,89,6,3
1996,71,184387,40,40,8,7
1997,91,73158,32,32,7,7
1998,87,90961,14,14,9,2
1999,77,182109,4,4,7,2
2000,90,110610,52,52,5,2
